Albarino Contrapunto,"Agro de Bazan, Albarino Contrapunto",12x75,2013,£14.94,£9.75,£117.00,39,,AGRO001,Price issue brought expensive - New cost price after next reorder £6 a bottle,-34.74%,,,,,
DOMAINE ALAIN GUENEAU Sancerre Blanc,"Alain Gueneau, Sancerre",12x75,2014,£7.47,£12.50,£150.00,50,,GUEN001,first ordered on 23/03/2015,67.34%,,,,,
DOMAINE ALAIN GUENEAU Sancerre Rosé,"Alain Gueneau, Sancerre Rose",12x75,2014,£7.47,£12.50,£150.00,45,,GUEN002,first ordered on 23/03/2016,67.34%,,,,,
DOMAINE ALAIN GUENEAU Sancerre Rouge,"Alain Gueneau, Sancerre Rouge",12x75,2013,£8.40,£12.50,£150.00,5,,GUEN003,first ordered on 23/03/2017,48.81%,,,,,
Château L’Angelus,Angelus,12x75,2003,£181.67,£270.00,"£2,220.00",0,9,ANGE001,,48.62%,,,,,
DOMAINE ANTONIN GUYON Chambolle Musigny Clos du Village,"Antonin Guyon, Chambolle Musigney Clos Village",12x75,2009,£20.22,£32.50,£390.00,0,,GUYO004,needs attention,60.73%,,,,,
DOMAINE ANTONIN GUYON Chorey-les-Beaune ,"Antonin Guyon, Chorey les Beaune Champs Longs",12x75,2009,£11.20,£17.75,£213.00,3,,GUYO006,,58.48%,,,,,
   DOMAINE ANTONIN GUYON Chorey-les-Beaune    Half Bottles (24 x 37.5cl),"Antonin Guyon, Chorey les Beaune Champs Longs",24x37.5,2009,£6.22,£10.50,£252.00,3,,GUYO007,,68.81%,,,,,
DOMAINE ANTONIN GUYON Côte de Beaune Villages,"Antonin Guyon, Cote de Beaune Village",12x75,2009,£11.20,£17.25,£207.00,41,,GUYO005,,54.02%,,,,,
DOMAINE ANTONIN GUYON Gevrey Chambertin La Justice,"Antonin Guyon, Gevrey Chambertin Justice",12x75,2009,£19.21,£27.50,£378.00,49,,GUYO002,Price changed,43.15%,,,,,
    DOMAINE ANTONIN GUYON Gevrey Chambertin La Justice Half Bottles (24 x 37.5cl),"Antonin Guyon, Gevrey Chambertin Justice",24x37.5,2009,£14.26,£17.25,£414.00,1,,GUYO003,needs attention,20.97%,,,,,
DOMAINE ANTONIN GUYON Savigny-les-Beaune,"Antonin Guyon, Savigny les Beaune",12x75,2009,£11.97,£20.50,£246.00,12,,GUYO008,,71.26%,,,,,
      DOMAINE ANTONIN GUYON Savigny-les-Beaune Half Bottles (24 x 37.5cl) ,"Antonin Guyon, Savigny les Beaune",24x37.5,2008,£7.54,£12.50,£300.00,12,,GUYO009,,65.78%,,,,,
DOMAINE BASSAC VIN DE PAYS D’OC - ORGANIC Domaine Bassac Organic Rosé ,"Bassac, Lo Bartas Rose",12x75,2013,£11.00,£12.50,£150.00,10,,BASS001,price has changed - Cost price will be £4.45 for next order ,13.64%,,,,,
   Château Bellegrave   Half Bottles (12 x 37.5cl),Bellegrave,12x37.5,2006,£7.50,£16.50,£396.00,16,,BELLE003,,,,,,,
Château Bellegrave,Bellegrave,12x75,2005,£13.63,£30.00,£360.00,13,,BELLE002,,,,,,,
Château Bellegrave,Bellegrave,12x75,2000,£16.46,£30.00,£360.00,14,,BELLE001,,,,,,,
Grand burge Benchmark Shiraz  (6 x 75cl),"Benchmark, Shiraz Grant Burge",6x75,2012,£5.52,£7.50,£45.00,0,,GRAN001,Need to buy maybe 10 cases,35.87%,,,,,
Château Berliquet,Berliquet,12x75,2006,£14.33,£28.00,£336.00,40,10,BERL004,,95.39%,,,,,
Château Berliquet,Berliquet,12x75,2005,£16.46,£28.00,£336.00,20,18,BERL003,,70.11%,,,,,
Château Berliquet,Berliquet,12x75,2004,£15.25,£24.00,£288.00,0,30,BERL001,,57.38%,,,,,
   Château Berliquet   Half Bottles (12 x 37.5cl),Berliquet,12x37.5,2004,£7.63,£13.00,£156.00,,5,BERL002,Pricing missing - Check if in cellar,70.38%,,,,,
Château Beychevelle,Beychevelle,12x75,2009,£41.96,£65.00,£780.00,3,,BEYC001,,54.91%,,,,,
Château Bon Pasteur,Bon Pasteur,12x75,2009,£34.88,£70.00,£840.00,5,,BONP002,,,,,,,
Château Bon Pasteur,Bon Pasteur,12x75,2000,£35.08,£90.00,"£1,080.00",0,10,BONP001,,,,,,,
Château Boyd-Cantenac,Boyd Cantenac,12x75,2005,£28.00,£50.00,£600.00,0,31,BOYD003,,78.57%,,,,,
Château Boyd-Cantenac,Boyd Cantenac,12x75,2000,£23.54,£50.00,£600.00,7,10,BOYD002,,112.40%,,,,,
  Château Boyd-Cantenac    Half Bottles (12 x 37.5cl),Boyd Cantenac,12x37.5,2000,£12.00,£27.50,£660.00,0,13,BOYD001,,129.17%,,,,,
Château Branaire –Ducru,Branaire Ducru,12x75,2010,£34.17,£65.00,£780.00,5,,BRAN004,,90.23%,,,,,
     Château Branaire –Ducru Half Bottles (12 x 37.5cl),Branaire Ducru,12x37.5,2009,£17.08,£35.00,£840.00,4,,BRAN003,,104.92%,,,,,
Château Branaire-Ducru,Branaire Ducru,12x75,2008,£27.08,£50.00,£600.00,6,2,BRAN002,,84.64%,,,,,
Château Branaire-Ducru,Branaire Ducru,12x75,2000,£46.42,£75.00,£900.00,0,9,BRAN001,,61.57%,,,,,
Château Brane-Cantenac,Brane Cantenac,12x75,2010,£40.25,£76.00,£912.00,3,,BCAN004,,88.82%,,,,,
    Château Brane-Cantenac  Half Bottles (12 x 37.5cl),Brane Cantenac,12x37.5,2009,£18.85,£35.00,£840.00,5,,BCAN003,,85.68%,,,,,
Château Brane-Cantenac,Brane Cantenac,12x75,2008,£26.08,£52.00,£624.00,5,,BCAN002,,99.39%,,,,,
Château Brane-Cantenac,Brane Cantenac,12x75,2005,£41.46,£70.00,£840.00,0,19,BCAN001,,68.84%,,,,,
CHÂTEAU CAILLETEAU BERGERON – AOC BLAYE CÔTES DE BORDEAUX,"Cailleteau Bergeron, Rouge",12x75,2012,£6.98,£9.75,£117.00,35,,CAIL001,,39.68%,,,,,
Château Calon Segur,Calon Segur,12x75,2009,£46.92,£80.00,£960.00,1,,CALO004,,70.50%,,,,,
Château Calon Segur,Calon Segur,12x75,2006,£37.92,£110.00,"£1,320.00",0,9,CALO003,,190.08%,,,,,
Château Calon Segur ,Calon Segur,12x75,2001,£41.46,£100.00,"£1,200.00",0,17,CALO002,,141.20%,,,,,
Château Calon Segur ,Calon Segur,12x75,2000,£58.50,£135.00,"£1,620.00",0,24,CALO001,,130.77%,,,,,
Château Cambon La Pelouse,Cambon Pelouse,12x75,2005,£11.00,£30.00,£360.00,0,14,CAMB001,,172.73%,,,,,
Château Camensac ,Camensac,12x75,2000,£17.17,£32.00,£384.00,2,73,CAME002,,86.37%,,,,,
 Château Camensac      Half Bottles (12 x 37.5cl),Camensac,12x37.5,2000,£8.69,£18.50,£444.00,0,83,CAME001,,112.89%,,,,,
Château Canon,Canon,12x75,2009,£58.96,£90.00,"£1,500.00",2,,CANO001,,52.65%,,,,,
Château Cantenac-Brown,Cantenac Brown,12x75,2009,£27.67,£50.00,£600.00,5,,CANT003,,80.70%,,,,,
Château Cantenac-Brown,Cantenac Brown,12x75,2005,£23.75,£50.00,£600.00,0,11,CANT002,,110.53%,,,,,
Château Cantenac-Brown,Cantenac Brown,12x75,2000,£32.04,£50.00,£600.00,2,14,CANT001,,56.05%,,,,,
BUTTERFLY’S ROCK Red,"Castra Rubra, Butterfly's Rock",12x75,2010,£8.12,£11.00,£132.00,0,,CAST006,,35.47%,,,,,
CASTRA RUBRA Red,"Castra Rubra, Castra Rubra",12x75,2008,£7.64,£10.50,£126.00,0,,CAST005,,37.43%,,,,,
DOMINANT Red,"Castra Rubra, Dominant Red",12x75,2010,£4.55,£7.00,£84.00,0,,CAST001,,53.85%,,,,,
DOMINANT White,"Castra Rubra, Dominant White",12x75,2013,£4.55,£7.00,£84.00,0,,CAST002,,53.85%,,,,,
MOTLEY COCK Red,"Castra Rubra, Motley Cock Red",12x75,2009,£5.04,£7.00,£84.00,0,,CAST003,,38.89%,,,,,
MOTLEY COCK White,"Castra Rubra, Motley Cock White",12x75,2013,£5.28,£7.00,£84.00,0,,CAST004,,32.58%,,,,,
NIMBUS Pinot Noir,"Castra Rubra, Nimbus Pinot Noir",12x75,2012,£8.12,£14.00,£168.00,0,,CAST007,New Stock,72.41%,,,,,
CASTRA RUBRA Petite Mensung (sweet - 50cl),"Castra Rubra, Petit Manseng",12x50,2011,£8.12,£14.00,£168.00,0,,CAST008,New Stock,72.41%,,,,,
LA CAVE DE LUGNY Macon Lugny 'Le Charmes',"Cave Lugny, Macon Lugny Charmes",12x75,2013,£6.52,£8.75,£105.00,40,,FRIA007,recently reordered / new cost price,34.20%,,,,,
CHARLES DELOIRE Pouilly Fumé ,"Charles Deloire, Pouilly Fume",12x75,2014,£6.30,£10.75,£129.00,80,,DELO001,reordered on 23/03/2015 / new cost price,70.63%,,,,,
     CHARLES DELOIRE Half Bottles (24 x 35.5cl),"Charles Deloire, Pouilly Fume",24x37.5,2014,£3.47,£6.50,£156.00,6,,DELO002,reordered on 23/03/2016 / new cost price,87.32%,,,,,
 Château Chasse Spleen     Half Bottles (12 x 37.5cl),Chasse Spleen,12x37.5,2009,£8.23,£15.50,£372.00,5,,CHASS002,,88.34%,,,,,
Château Chasse Spleen,Chasse Spleen,12x75,2006,£17.38,£32.00,£384.00,0,25,CHASS001,,84.12%,,,,,
CHASSENAY D’ARCE Martivey - Brut (6 x 75cl),"Chassenay D'arc, Martivey Brut",6x75,NV,£11.30,£16.75,£100.50,82,,CHAS001,need to consider new supplier - Bibendum,48.23%,,,,,
CHASSENAY D’ARCE Martivey - Rosé (6 x 75cl),"Chassenay D'arc, Martivey Rose",6x75,NV,£13.40,£20.25,£121.50,26,,CHAS002,need to consider new supplier - Bibendum,51.12%,,,,,
San Martino 'Vecchio Il Vigneto' DOC Tocai,"Citari, San Martino Della Battaglia Vv",12x75,2010,£5.86,£8.75,£105.00,35,,CITA002,,49.32%,,,,,
Château Climens,Climens,12x75,2005,£47.00,£68.00,£816.00,1,,CLIM001,,44.68%,,,,,
Château Clinet,Clinet,12x75,2000,£83.00,£120.00,"£1,440.00",0,,CLIN001,Price Incresed £25.00 - New cost price,,,,,,
Château Clos l’Eglise  (6 x 75cl),Clos Eglise,6x75,2008,£34.46,£80.00,£960.00,5,,CLOS004,,,,,,,
Château Clos Fourtet ,Clos Fourtet,12x75,2000,£67.50,£80.00,£960.00,0,45,CLOSF001,,18.52%,,,,,
Château Clos du Marquis,Clos Marquis,12x75,2009,£27.79,£50.00,£600.00,15,,MARQ002,,79.92%,,,,,
Château Clos du Marquis ,Clos Marquis,12x75,2008,£20.00,£38.00,£456.00,2,4,MARQ001,,90.00%,,,,,
    CHÂTEAU FLEUR DES PINS – GRAVES   Half Bottles (12 x 37.5cl),"Clos Pins, Rouge",12x37.5,2009,£5.50,£7.25,£87.00,3,,FLEU001,,31.82%,,,,,
 Château Clos René     Half Bottles (12 x 37.5cl),Clos Rene,12x37.5,2000,£11.77,£16.50,£396.00,13,41,CLOS002,,,,,,,
COCHE BOUILLOT Meursault 1er Cru ‘les Charmes’,"Coche-Bouillot, Meursault Charmes",12x75,2004,£27.50,£36.75,£441.00,0,,BOUI001,dropping this line,33.64%,,,,,
"Abba, Tinta de Toro ","Comparron, Abba",12x75,2008,£6.26,£10.50,£126.00,20,,COMP005,New Stock,67.73%,,,,,
"Camparron, Tinta de Toro Joven","Comparron, Cosecha Malvasia Red",12x75,2014,£4.04,£5.50,£66.00,60,,COMP002,New Stock,36.14%,,,,,
"Camparron, Malvasia Joven White","Comparron, Cosecha Malvasia White",12x75,2014,£4.04,£5.50,£66.00,60,,COMP001,New Stock,36.14%,,,,,
"Camparron, Tinta de Toro  Reserva","Comparron, Reserva",12x75,2008,£5.76,£8.55,£102.60,20,,COMP004,New Stock,48.44%,,,,,
"Camparron, Tinta de Toro  Seleccion","Comparron, Seleccion",12x75,2011,£4.40,£6.80,£81.60,20,,COMP003,New Stock,54.55%,,,,,
Château La Conseillante,Conseillante,12x75,2000,£140.00,£230.00,"£2,760.00",0,17,CONS003,,,,,,,
Château La Conseillante,Conseillante,12x75,1998,£92.50,£130.00,"£1,560.00",0,20,CONS001,,,,,,,
Château La Conseillante,Conseillante,12x75,1995,£85.83,£130.00,"£1,560.00",0,11,CONS002,,,,,,,
Amarone della Valpolicella Classico DOC,"Corte Aleardi, Amarone Valpolicella Classico",12x75,2007,£20.63,£29.25,£351.00,0,,CORT002,],41.78%,,,,,
 Amarone della Valpolicella Classico DOC     Magnums (6 x 150cl),"Corte Aleardi, Amarone Valpolicella Classico",6x150,2006,£40.39,£70.00,£420.00,5,,CORT003,,73.31%,,,,,
Ripasso Valpolicella Classico Superiore Bure Alto DOC,"Corte Aleardi, Ripasso Valpolicella Bure Alto",12x75,2008,£9.23,£14.25,£171.00,10,,CORT001,ISSUE,54.39%,,,,,
Château Cos d’Estournel,Cos d'Estournel,12x75,2006,£69.17,£140.00,"£1,680.00",0,9,COSE003,,102.40%,,,,,
Château Cos d’Estournel,Cos d'Estournel,12x75,2001,£72.90,£130.00,"£1,560.00",0,17,COSE002,,78.33%,,,,,
Château Cos d’Estournel,Cos d'Estournel,12x75,2000,£106.67,£145.00,"£1,740.00",0,1,COSE001,,35.93%,,,,,
Château La Croix de Gay,Croix Gay,12x75,2000,£27.00,£40.00,£480.00,0,1,CROI001,,,,,,,
Château Dauzac,Dauzac,12x75,1996,£22.33,£32.00,£384.00,0,26,DAUZ002,,43.30%,,,,,
Château Dauzac,Dauzac,12x75,1995,£23.54,£32.00,£384.00,17,40,DAUZ001,,35.94%,,,,,
Château Domaine de Chevalier,Domaine Chevalier,12x75,2010,£37.71,£65.00,£780.00,1,,DCHE002,,72.37%,,,,,
Château Domaine de Chevalier,Domaine Chevalier,12x75,2009,£36.29,£65.00,£780.00,5,,DCHE001,,79.11%,,,,,
DOMAINE GUYON Echezeaux Grand Cru ,"Domaine Guyon, Echezeaux Grand Cru",12x75,2004,£40.00,£80.00,£960.00,3,,GUYO011,needs attention - Price changed,100.00%,,,,,
DOMAINE GUYON Vosne Romanée 1er Cru 'En Orveaux',"Domaine Guyon, Vosne Romanee Orveaux",12x75,2004,£29.80,£55.00,£660.00,0,,GUYO010,needs attention - Price changed,84.56%,,,,,
Château La Dominique,Dominique,12x75,2000,£32.25,£48.00,£576.00,0,13,DOMI001,,48.84%,,,,,
Château Ducru-Beaucaillou,Ducru Beaucaillou,12x75,2003,£98.00,£145.00,"£1,740.00",0,9,DUCR004,,47.96%,,,,,
Château Ducru-Beaucaillou,Ducru Beaucaillou,12x75,2000,£112.50,£180.00,"£2,160.00",0,5,DUCR003,,60.00%,,,,,
Château Ducru-Beaucaillou,Ducru Beaucaillou,12x75,1999,£75.42,£100.00,"£1,200.00",0,24,DUCR002,,32.59%,,,,,
Château Ducru-Beaucaillou,Ducru Beaucaillou,12x75,1998,£72.20,£100.00,"£1,200.00",0,6,DUCR001,,38.50%,,,,,
DOMAINE ELLEVIN Chablis ,"Ellevin, Chablis",12x75,2012,£7.75,£11.00,£132.00,60,,ELLE002,,41.94%,,,,,
    DOMAINE ELLEVIN Chablis   Half Bottles (24 x 37.5cl),"Ellevin, Chablis",24x37.5,2013,£4.91,£7.25,£174.00,10,,ELLE003,,47.66%,,,,,
      DOMAINE ELLEVIN Chablis Magnums (6 x 150cl),"Ellevin, Chablis",6x150,2012,£10.54,£29.00,£174.00,8,,ELLE004,,175.14%,,,,,
DOMAINE ELLEVIN Chablis 1er Cru Vaucoupin,"Ellevin, Chablis Vaucoupin",12x75,2013,£8.44,£15.25,£183.00,15,,ELLE005,recently reordered / new cost price,80.69%,,,,,
     DOMAINE ELLEVIN Chablis 1er Cru Vaucoupin  Half Bottles (24 x 37.5cl),"Ellevin, Chablis Vaucoupin",24x37.5,2012,£5.44,£9.25,£222.00,6,,ELLE006,,70.04%,,,,,
      DOMAINE ELLEVIN Chablis 1er Cru Vaucoupin Magnums (6 x 150cl),"Ellevin, Chablis Vaucoupin",6x150,2011,£19.68,£36.50,£219.00,3,,ELLE007,,85.47%,,,,,
   DOMAINE ELLEVIN Chablis 1er Cru Vosgros,"Ellevin, Chablis Vosgros",12x75,2013,£8.44,£15.25,£183.00,35,,ELLE008,recently reordered / new cost price,80.69%,,,,,
DOMAINE ELLEVIN Petit Chablis ,"Ellevin, Petit Chablis",12x75,2012,£6.76,£9.00,£123.00,0,,ELLE001,dropping this product - Price changed,33.14%,,,,,
"Spumante Brut Rose, Borgo Imperiale","Empson, Spumante Borgo Imperiale Brut Rose",12x75,NV,£5.54,£7.25,£87.00,41,,BORG001,,30.87%,,,,,
Château L’Evangile,Evangile,12x75,2005,£137.50,£210.00,"£2,520.00",0,6,EVAN003,,,,,,,
Château L’Evangile,Evangile,12x75,1999,£72.50,£140.00,"£1,680.00",0,27,EVAN002,,,,,,,
Château L’Evangile,Evangile,12x75,1998,£118.80,£180.00,"£2,160.00",0,1,EVAN001,,,,,,,
DOMAINE LAURENT PILLOT Chassagne Montrachet 1er Cru ‘Champgains’,"Fernand & Laurent Pillot, Chassagne Montrachet Champgains",12x75,2009,£18.79,£28.50,£342.00,0,,PILL001,,51.68%,,,,,
Château Figeac,Figeac,12x75,2006,£50.46,£110.00,"£1,320.00",5,,FIGE001,,117.99%,,,,,
Château Figeac,Figeac,12x75,2005,£66.04,£125.00,"£1,500.00",4,7,FIGE002,,89.28%,,,,,
    Château Fleur des Pins Doux  Half Bottles (12 x 37.5cl) GRAVES SUPERIEURES,"Fleur de Pin, Doux",12x37.5,2009,£5.50,£7.50,£180.00,,30,FLEU002,,36.36%,,,,,
Château La Fleur de Gay,Fleur Gay,12x75,1995,£52.50,£70.00,£840.00,0,10,FGAY001,Price Incresed £2.00,,,,,,
Château Fonbel,Fonbel,12x75,2006,£13.13,£24.00,£288.00,0,10,FONB001,,82.79%,,,,,
Château Fonplegade,Fonplegade,12x75,2010,£20.00,£30.00,£360.00,110,60,FONP001,,50.00%,,,,,
  Château Fonplegade    Half Bottles (12 x 37.5cl),Fonplegade,12x37.5,2010,£5.57,£17.50,£420.00,25,,FONP003,,214.18%,,,,,
   Château Fonplegade   Magnums (6 x 150cl),Fonplegade,6x150,2010,£40.00,£70.00,£420.00,10,,FONP002,,75.00%,,,,,
BOURGOGNE BLANC Bourgogne Blanc 'La Chatelaine',"Friarwood, Bourgogne Blanc Chatelaine",12x75,2013,£7.61,£10.50,£127.00,42,,FRIA006,price increased,37.98%,,,,,
Friarwood 1er Cru ,"Friarwood, Champagne Brut",12x75,NV,£13.57,£20.00,£240.00,55,,FRIA003,need to consider new supplier,47.38%,,,,,
Friarwood 1er Cru - Brut Half Bottles (12 x 37.5cl) ,"Friarwood, Champagne Brut",12x37.5,NV,£12.57,£13.50,£324.00,8,,FRIA004,Price changed  - New cost price for next order £6.79,7.40%,,,,,
    Friarwood 1er Cru   Magnums (6 x 150cl),"Friarwood, Champagne Brut",6x150,NV,£27.28,£47.00,£282.00,0,,FRIA005,,72.29%,,,,,
FRIARWOOD’S VIN DE PAYS D’OC Merlot Vieilles Vignes 'Le Marcassin',"Friarwood, Marcassin Merlot",12x75,2011,£4.38,£6.25,£75.00,70,,FRIA002,,42.69%,,,,,
FRIARWOOD’S VIN DE PAYS D’OC Sauvignon Blanc 'Le Saumon',"Friarwood, Saumon Sauvignon Blanc",12x75,2012,£4.35,£6.25,£75.00,0,264,FRIA001,reorded 150 cases - 08/04/2015 / new cost price,43.68%,,,,,
Château La Gaffeliere,Gaffeliere,12x75,2009,£44.79,£76.00,£912.00,5,,GAFF003,,69.68%,,,,,
Château La Gaffeliere,Gaffeliere,12x75,2005,£41.46,£80.00,£960.00,0,10,GAFF002,,92.96%,,,,,
Château La Gaffeliere,Gaffeliere,12x75,1998,£32.25,£60.00,£720.00,0,18,GAFF001,,86.05%,,,,,
Château Le Gay,Gay,12x75,2004,£32.50,£80.00,£960.00,0,18,LEGA001,,,,,,,
Château Giscours,Giscours,12x75,2009,£35.00,£53.00,£636.00,0,,GISC008,to buy on LX,51.43%,,,,,
    Château Giscours  Half Bottles (12 x 37.5cl),Giscours,12x37.5,2009,£14.87,£29.00,£348.00,5,,GISC007,,95.02%,,,,,
Château Giscours,Giscours,12x75,2006,£25.17,£50.00,£600.00,0,8,GISC006,,98.65%,,,,,
Château Giscours,Giscours,12x75,2005,,£55.00,£660.00,,1,GISC005,to put a price - to double check,,,,,,
Château Giscours,Giscours,12x75,2004,£28.00,£55.00,£660.00,0,37,GISC004,,96.43%,,,,,
 Château Giscours     Half Bottles (12 x 37.5cl),Giscours,12x37.5,2004,£16.00,£30.00,£720.00,0,16,GISC003,,87.50%,,,,,
Château Giscours,Giscours,12x75,2003,£32.25,£50.00,£600.00,0,14,GISC002,,55.04%,,,,,
Château Giscours,Giscours,12x75,2001,£36.50,£50.00,£600.00,0,12,GISC001,,36.99%,,,,,
Château Gloria,Gloria,12x75,2009,£23.54,£40.00,£480.00,10,,GLOR002,,69.92%,,,,,
Château Gloria,Gloria,12x75,2005,£28.00,£40.00,£480.00,0,16,GLOR001,,42.86%,,,,,
 Château Grand Corbin      Half Bottles (12 x 37.5cl),Grand Corbin,12x37.5,2006,£8.00,£14.50,£348.00,0,12,CORB002,,81.25%,,,,,
Château Grand Corbin,Grand Corbin,12x75,2000,£16.46,£25.50,£306.00,31,42,CORB001,Price Incresed £3,54.92%,,,,,
DOMAINE DU GRAND MONTMIRAIL Gigondas,"Grand Montmirail, Gigondas Beauchamp",12x75,2012,£9.72,£14.50,£174.00,47,,MONT011,,49.18%,,,,,
DOMAINE DU GRAND MONTMIRAIL Vacqueyras ,"Grand Montmirail, Vacqueyras Deux Frere",12x75,2012,£8.57,£12.00,£144.00,31,,MONT010,,40.02%,,,,,
Château Grand Puy Ducasse,Grand Puy Ducasse,12x75,2005,£23.75,£45.00,£540.00,0,10,DUCA001,,89.47%,,,,,
Château Grand Puy Lacoste,Grand Puy Lacoste,12x75,2006,£27.29,£60.00,£720.00,0,8,GRAN009,,119.86%,,,,,
Château Grand Puy Lacoste,Grand Puy Lacoste,12x75,2005,£48.54,£75.00,£900.00,0,12,GRAN008,,54.51%,,,,,
Château Grand Puy Lacoste,Grand Puy Lacoste,12x75,2003,£29.52,£45.00,£540.00,0,34,GRAN007,,52.44%,,,,,
Château Grand Puy Lacoste,Grand Puy Lacoste,12x75,2000,£57.04,£75.00,£900.00,0,11,GRAN006,,31.49%,,,,,
Château Grand Puy Lacoste,Grand Puy Lacoste,12x75,1999,£36.50,£48.00,£576.00,0,18,GRAN005,,31.51%,,,,,
Château Grand Puy Lacoste,Grand Puy Lacoste,12x75,1998,£34.38,£48.00,£576.00,0,13,GRAN004,,39.62%,,,,,
Château Grand Puy Lacoste,Grand Puy Lacoste,12x75,1995,£20.00,£90.00,"£1,080.00",0,13,GRAN003 ,,350.00%,,,,,
Château Gruaud Larose,Gruaud Larose,12x75,2006,£28.00,£60.00,£720.00,0,6,GRUA001,,114.29%,,,,,
GUILLOPÉES – CUVÉE HENRI DU VERNOY Sancerre Blanc ,"Guillopees, Sancerre Cuvee Henri Vernoy",12x75,2012 / 13,£8.75,£11.00,£132.00,44,,GUIL001,wholesale only,25.71%,,,,,
    GUILLOPÉES – CUVÉE HENRI DU VERNOY Sancerre Blanc  Half Bottles (24 x 35.5cl),"Guillopees, Sancerre Cuvee Henri Vernoy",24x37.5,2013,£5.52,£6.75,£162.00,5,,GUIL002,wholesale only - Price changed,22.28%,,,,,
GUILLOPÉES – CUVÉE HENRI DU VERNOY Sancerre Rosé,"Guillopees, Sancerre Cuvee Henri Vernoy Rose",12x75,2013,£6.51,£11.50,£138.00,20,,GUIL004,wholesale only,76.65%,,,,,
  GUILLOPÉES – CUVÉE HENRI DU VERNOY Sancerre Rosé   Half Bottles (24 x 35.5cl),"Guillopees, Sancerre Cuvee Henri Vernoy Rose",24x37.5,2013,£4.53,£6.75,£81.00,6,,GUIL003,wholesale only,49.01%,,,,,
Château Haut-Brion,Haut Brion,12x75,2001,£219.17,£400.00,"£4,800.00",0,1,HAUT001,,82.51%,,,,,
DOMAINE DANIEL BIDEAU Muscadet ‘Clos du Chene’ ,"Haute Cariziere, Muscadet Clos Chene",12x75,2012,£4.82,£7.25,£43.50,0,,DANI001,Droppng this line - New supplier needed,50.41%,,,,,
DOMAINE REMORIQUET Nuits St Georges,"Henri & Gilles Remoriquet, Nuits Saint Georges",12x75,2009,£14.95,£23.75,£285.00,0,,REMO001,needs attention,58.86%,,,,,
DOMAINE DES ECHARDS / DELAGRANGE Pommard 'Vaumuriens Hauts',"Henri Delagrange, Pommard Vaumuriens Hauts",12x75,2008,£14.03,£23.25,£279.00,0,,DELA001,,65.72%,,,,,
"DOMAINE DES ECHARDS / DELAGRANGE Volnay, Vieilles Vignes","Henri Delagrange, Volnay Vv",12x75,2006,£12.35,£21.25,£255.00,3,,DELA002,,72.06%,,,,,
Château d’Issan,Issan,12x75,2010,£34.17,£66.00,£792.00,3,,ISSA004,,93.15%,,,,,
Château d’Issan,Issan,12x75,2009,£34.17,£57.00,£684.00,5,,ISSA003,,66.81%,,,,,
Château d’Issan,Issan,12x75,2008,£26.38,£45.00,£540.00,2,,ISSA002,,70.58%,,,,,
Château d’Issan,Issan,12x75,2005,£45.00,£65.00,£780.00,0,2,ISSA001,,44.44%,,,,,
Domaine Jean Chartron Puligny Montrachet 1er Cru ‘Clos du Cailleret’ ,"Jean Chartron, Puligny Montrachet Clos Cailleret Rouge",12x75,2006,£20.90,£48.50,£582.00,0,,CHAR001,"reorder, if other lines available",132.06%,,,,,
CORDIER Saint Véran 'Jean Cordier',"Jean Cordier, Saint Veran",12x75,2012,£12.01,£16.00,£192.00,12,,CORD001,to reorder - price changed,33.22%,,,,,
Château Lafite Rothschild,Lafite Rothschild,12x75,2004,£385.83,£950.00,"£11,400.00",0,4,LAFI001,,146.22%,,,,,
Château Lafon-Rochet,Lafon Rochet,12x75,2009,£23.54,£43.00,£516.00,2,,LAFO003,,82.67%,,,,,
Château Lafon-Rochet ,Lafon Rochet,12x75,2005,£24.96,£55.00,£660.00,5,22,LAFO002,,120.35%,,,,,
Château Lafon-Rochet ,Lafon Rochet,12x75,1995,£25.00,£48.00,£576.00,0,23,LAFO001,,92.00%,,,,,
    Château Lagrange  Half Bottles (12 x 37.5cl),Lagrange Saint Julien,12x37.5,2009,£14.20,£29.00,£696.00,2,,LAGR003,,104.23%,,,,,
Château Lagrange,Lagrange Saint Julien,12x75,2005,£32.25,£65.00,£780.00,0,12,LAGR002,,101.55%,,,,,
Château Lagrange,Lagrange Saint Julien,12x75,2000,£46.42,£85.00,"£1,020.00",0,8,LAGR001,,83.11%,,,,,
Château La Lagune,Lagune,12x75,1998,£28.00,£45.00,£540.00,0,16,LAGU001,,60.71%,,,,,
Château Langoa-Barton,Langoa Barton,12x75,2006,£23.04,£50.00,£600.00,0,3,LANG001,to check,117.01%,,,,,
    Château Lascombes  Half Bottles (12 x 37.5cl),Lascombes,12x37.5,2009,£20.27,£45.00,"£1,080.00",5,,LASC009,,122.00%,,,,,
Château Lascombes,Lascombes,12x75,2006,£38.50,£65.00,£780.00,0,6,LASC008,,68.83%,,,,,
Château Lascombes,Lascombes,12x75,2005,£50.46,£75.00,£900.00,10,,LASC007,,48.63%,,,,,
    Château Lascombes  Magnums (6 x 150cl),Lascombes,6x150,2005,£100.92,£160.00,£960.00,5,,LASC006,,58.54%,,,,,
Château Lascombes,Lascombes,12x75,2004,£39.33,£70.00,£840.00,0,3,LASC005,,77.98%,,,,,
   Château Lascombes   Half Bottles (12 x 37.5cl),Lascombes,12x37.5,2004,£19.67,£37.50,£900.00,0,11,LASC004,,90.65%,,,,,
   Château Lascombes   Magnums (6 x 150cl),Lascombes,6x150,2004,£89.17,£150.00,£900.00,0,3,LASC003,,68.22%,,,,,
Château Lascombes,Lascombes,12x75,2003,£40.75,£65.00,£780.00,0,44,LASC002,,59.51%,,,,,
Château Lascombes,Lascombes,12x75,2000,£64.17,£80.00,£960.00,0,17,LASC001,Price incresed £5,24.67%,,,,,
Château Latour,Latour,12x75,2001,£239.79,£650.00,"£7,800.00",0,2,LATO002,,171.07%,,,,,
Château Latour,Latour,12x75,1998,£315.00,£475.00,"£5,700.00",0,4,LATO001,,50.79%,,,,,
Château Léoville-Barton,Leoville Barton,12x75,2007,£30.83,£60.00,£720.00,0,5,BART006,,94.62%,,,,,
Château Léoville-Barton,Leoville Barton,12x75,2003,£54.90,£80.00,£960.00,,2,BART004,,45.72%,,,,,
Château Léoville-Barton,Leoville Barton,12x75,2002,£36.50,£75.00,£900.00,0,17,BART003,,105.48%,,,,,
Château Léoville-Barton,Leoville Barton,12x75,2001,£30.00,£65.00,£780.00,,3,BART002,,116.67%,,,,,
Château Léoville-Barton,Leoville Barton,12x75,2000,£67.50,£160.00,"£1,920.00",0,24,BART001,,137.04%,,,,,
Château Léoville Las Cases,Leoville Las Cases,12x75,2003,£100.83,£152.00,"£1,824.00",0,4,LEOV006,Price incresed £17,50.75%,,,,,
Château Léoville Las Cases,Leoville Las Cases,12x75,2000,£177.50,£300.00,"£3,600.00",0,7,LEOV005,,69.01%,,,,,
Château Léoville Las Cases,Leoville Las Cases,12x75,1999,£94.17,£100.00,"£1,200.00",0,6,LEOV004,Price incresed £40,6.19%,,,,,
Château Léoville Las Cases,Leoville Las Cases,12x75,1998,£102.50,£120.00,"£1,440.00",0,15,LEOV003,Price incresed £10,17.07%,,,,,
Château Léoville Las Cases,Leoville Las Cases,12x75,1996,£140.40,£250.00,"£3,000.00",0,6,LEOV002,,78.06%,,,,,
Château Léoville Las Cases,Leoville Las Cases,12x75,1995,£119.17,£195.00,"£2,340.00",0,7,LEOV001,,63.63%,,,,,
Château Léoville-Poyférré,Leoville Poyferre,12x75,2006,£34.17,£70.00,£840.00,3,,LEOP004,,104.86%,,,,,
Château Léoville-Poyférré,Leoville Poyferre,12x75,2001,£45.00,£70.00,£840.00,0,25,LEOP003,,55.56%,,,,,
Château Léoville-Poyférré,Leoville Poyferre,12x75,2000,£90.00,£170.00,"£2,040.00",0,14,LEOP002,,88.89%,,,,,
Château Léoville-Poyférré,Leoville Poyferre,12x75,1998,£40.75,£75.00,£900.00,0,29,LEOP001,,84.05%,,,,,
CHÂTEAU DE LISENNES – AOC BORDEAUX ,Lisennes,12x75,2010,£5.00,£8.00,£96.00,90,,LISE001,dropping this line once finished,60.00%,,,,,
 LOUIS ROEDERER Theophile - Brut (6 x 75cl),"Louis Roederer, Theophile Brut",6x75,NV,£18.64,£26.00,£156.00,,36,THEO001,,39.51%,,,,,
     Grand de Lucas ‘Cuvée Prestige’ LUSSAC ST EMILION Half Bottles (24 x 37.5cl),"Lucas, Grand Lucas Prestige",24x37.5,2008,£4.16,£7.25,£174.00,5,,LUCA002,,74.28%,,,,,
Grand de Lucas ‘Cuvée Prestige’ LUSSAC ST EMILION,"Lucas, Grand Lucas Prestige",12x75,2005,£7.03,£11.75,£141.00,86,,LUCA001,,67.14%,,,,,
     Grand de Lucas ‘Cuvée Prestige’ LUSSAC ST EMILION Magnums (6 x 150cl),"Lucas, Grand Lucas Prestige",6x150,2000,£16.99,£28.50,£171.00,8,,LUCA003,,67.75%,,,,,
Château Lynch-Bages,Lynch Bages,12x75,2007,£55.63,£85.00,"£1,020.00",0,11,LYNC009,,52.80%,,,,,
Château Lynch-Bages,Lynch Bages,12x75,2006,£55.63,£110.00,"£1,320.00",0,6,LYNC008,,97.74%,,,,,
Château Lynch-Bages,Lynch Bages,12x75,2005,£72.63,£110.00,"£1,320.00",0,9,LYNC007,,51.45%,,,,,
Château Lynch-Bages,Lynch Bages,12x75,2004,£113.00,£130.00,"£1,560.00",0,22,LYNC006,Price incresed £20,15.04%,,,,,
      Château Lynch-Bages Magnums (6 x 150cl),Lynch Bages,6x150,2004,£228.00,£260.00,"£1,560.00",0,6,LYNC005,Price incresed £30,14.04%,,,,,
  Château Lynch-Bages     Half Bottles (12 x 37.5cl),Lynch Bages,12x37.5,2003,£38.00,£60.00,"£1,440.00",0,41,LYNC004,,57.89%,,,,,
   Château Lynch-Bages    Magnums (6 x 150cl),Lynch Bages,6x150,2003,£144.54,£230.00,"£1,380.00",0,11,LYNC003,,59.13%,,,,,
Château Lynch-Bages,Lynch Bages,12x75,2001,£62.71,£110.00,"£1,320.00",0,21,LYNC002,,75.41%,,,,,
Château Lynch-Bages,Lynch Bages,12x75,1998,£66.25,£110.00,"£1,320.00",0,27,LYNC001,,66.04%,,,,,
MARCHESI DI BAROLO ‘Pi Cit’ Langhe DOC ,"Marchesi Barolo, Picit Langue",12x75,1999,£13.30,£34.25,£205.50,0,12,BARO001,,157.52%,,,,,
Château Margaux,Margaux,12x75,2005,£725.00,£950.00,"£11,400.00",0,6,MARG002,,31.03%,,,,,
Château Margaux,Margaux,12x75,2004,£244.17,£500.00,"£6,000.00",0,2,MARG001,,104.78%,,,,,
 MEERLUST Rubicon (6 x 75 cl),"Meerlust, Rubicon",6x75,2009,£13.82,£19.75,£118.50,,,MEER001,,42.96%,,,,,
MICHEL WUST Gewurztraminer,"Michel Wust, Gewurztraminer Tradition",12x75,2012,£7.10,£10.25,£123.00,40,,MICH001,,44.37%,,,,,
    Château Mille Roses Haut Medoc  Half Bottles (24 x 37.5cl),Mille Roses (Haut Medoc),24x37.5,2008,£6.37,£10.75,£258.00,17,,MILL006,,68.76%,,,,,
Château Mille Roses Haut Medoc,Mille Roses (Haut Medoc),12x75,2006,£9.17,£16.50,£198.00,90,24,MILL003,,79.93%,,,,,
    Château Mille Roses Haut Medoc  Half Bottles (24 x 37.5cl),Mille Roses (Haut Medoc),24x37.5,2006,£13.13,£13.13,£258.00,0,,MILL004,,0.00%,,,,,
Château Mille Roses Haut Medoc,Mille Roses (Haut Medoc),12x75,2004,£9.72,£16.25,£195.00,6,82,MILL001, 2004 vintage first,67.18%,,,,,
Château Monbousquet,Monbousquet,12x75,2005,£40.75,£60.00,£720.00,0,13,MONB003,,47.24%,,,,,
Château Monbousquet,Monbousquet,12x75,2003,£32.25,£50.00,£600.00,0,9,MONB002,,55.04%,,,,,
Château Monbousquet,Monbousquet,12x75,2000,£55.00,£70.00,£840.00,,8,MONB001,Did not buy - Cost is market price,27.27%,,,,,
DOMAINE DE MONT - AURIOL Cabernet Sauvignon,"Mont Auriol, Cavernet Sauvignon",12x75,2009,£4.84,£6.75,£81.00,0,,MONT009,dropping this product,39.46%,,,,,
DOMAINE DE MONT - AURIOL Chardonnay,"Mont Auriol, Chardonnay",12x75,2012,£4.81,£6.75,£81.00,36,,MONT008,dropping this product,40.33%,,,,,
DOMAINE DE MONT - AURIOL Merlot ,"Mont Auriol, Merlot",12x75,2013,£4.21,£6.75,£81.00,75,,MONT007,new cost price,60.33%,,,,,
DOMAINE DE MONT - AURIOL Sauvignon Blanc ,"Mont Auriol, Sauvignon",12x75,2014,£4.20,£6.75,£81.00,75,,MONT005,new cost price,60.71%,,,,,
DOMAINE DE MONT - AURIOL Viognier ,"Mont Auriol, Viognier",12x75,2012,£4.79,£6.75,£81.00,15,,MONT006,dropping this product,40.92%,,,,,
BODEGA MONTEVIEJO – MENDOZA  Festivo Malbec,"Monteviejo, Festivo Malbec",12x75,2012,£5.12,£7.75,£93.00,25,,MONT002,,51.37%,,,,,
BODEGA MONTEVIEJO – MENDOZA Festivo Torrontes White,"Monteviejo, Festivo Torrontes",12x75,2010,£5.25,£7.75,£93.00,,,MONT012,,47.62%,,,,,
BODEGA MONTEVIEJO – MENDOZA Lindaflor Malbec,"Monteviejo, Lindaflor",12x75,2007,£15.25,£25.00,£150.00,7,,MONT004,,63.93%,,,,,
BODEGA MONTEVIEJO – MENDOZA Monteviejo Malbec (6 x 75cl),"Monteviejo, Monteviejo Malbec",6x75,2007,£14.48,£19.00,£114.00,19,,MONT003,,31.22%,,,,,
BODEGA MONTEVIEJO – MENDOZA Petite Fleur,"Monteviejo, Petite Fleur",12x75,2010,£11.95,£12.50,£150.00,24,,MONT001,,4.60%,,,,,
Château Montrose,Montrose,12x75,2007,£37.80,£65.00,£780.00,0,4,MONT023,,71.96%,,,,,
 Château Montrose     Magnums (6 x 150cl),Montrose,6x150,2003,£244.17,£360.00,"£2,160.00",0,6,MONT021,,47.44%,,,,,
Château Montrose,Montrose,12x75,2001,£47.83,£70.00,£840.00,0,13,MONT018,,46.35%,,,,,
Château Montrose,Montrose,12x75,2000,£80.42,£155.00,"£2,100.00",0,12,MONT016,,92.74%,,,,,
   Château Montrose   Half Bottles (12 x 37.5cl),Montrose,12x37.5,2000,£40.00,£80.00,£960.00,0,12,MONT017,,100.00%,,,,,
Château Montrose,Montrose,12x75,1999,£56.67,£75.00,£900.00,0,7,MONT015,Price incresed £5,32.35%,,,,,
Château Montviel,Montviel,12x75,2006,£19.06,£35.00,£420.00,0,46,MONT0013,,,,,,,
Château Le Moulin,Moulin,12x75,2000,£50.00,£100.00,1.200.00,0,5,MOUL001,,,,,,,
Château Mouton Rothschild ,Mouton Rothschild,12x75,2002,£234.00,£450.00,"£5,400.00",0,1,MOUT005,,92.31%,,,,,
Château Mouton Rothschild,Mouton Rothschild,12x75,2001,£252.50,£400.00,"£4,800.00",0,12,MOUT004,,58.42%,,,,,
Château Mouton Rothschild,Mouton Rothschild,12x75,1997,£37.50,£400.00,"£4,800.00",0,4,MOUT003,,966.67%,,,,,
Château Mouton Rothschild ,Mouton Rothschild,12x75,1996,£277.50,£475.00,"£5,700.00",0,5,MOUT002,,71.17%,,,,,
Château Mouton Rothschild ,Mouton Rothschild,12x75,1995,£277.50,£475.00,"£5,700.00",0,4,MOUT001,,71.17%,,,,,
"NAVRINA COVE ESTATE, MARLBOROUGH Sauvignon Blanc","Navrina Cove, Sauvignon Blanc ",12x75,2012,£7.30,£9.75,£117.00,55,,NAVR001,,33.56%,,,,,
Château Nenin,Nenin,12x75,2009,£23.54,£54.00,£648.00,5,,NENI002,,,,,,,
Château Nenin,Nenin,12x75,1998,£42.00,£60.00,£720.00,0,12,NENI001,new cost price,,,,,,
OLIVIER RAVOIRE Châteauneuf du Pape,"Olivier Ravoire, Chateauneuf du Pape",12x75,2010,£12.89,£18.00,£216.00,10,,OLIV001,need to consider reordering!,39.64%,,,,,
Grande Classique Cuvee - PREMIÈRES CÔTES DE BORDEAUX,Orangerie,12x75,2006,£5.59,£9.10,£105.00,,44,ORAN001,2006 vintage first,62.79%,,,,,
Grande Classique Cuvee - PREMIÈRES CÔTES DE BORDEAUX,Orangerie,12x75,2008,£5.59,£9.10,£105.00,20,82,ORAN002,2006 vintage first,62.79%,,,,,
Château Les Ormes de Pez,Ormes Pez,12x75,2009,£16.67,£30.00,£360.00,,6,ODPE008,,79.96%,,,,,
Château Les Ormes de Pez,Ormes Pez,12x75,2005,£19.50,£40.00,£480.00,,10,ODPE007,,105.13%,,,,,
Château Les Ormes de Pez,Ormes Pez,12x75,2003,£19.17,£35.00,£420.00,,28,ODPE006,,82.58%,,,,,
Château Les Ormes de Pez,Ormes Pez,12x75,2002,£16.67,£32.00,£384.00,,9,ODPE004,,91.96%,,,,,
Château Les Ormes de Pez      Half Bottles (12 x 37.5cl),Ormes Pez,12x37.5,2002,£8.34,£17.00,£100.08,,24,ODPE005,,103.84%,,,,,
Château Les Ormes de Pez,Ormes Pez,12x75,2000,£21.98,£42.00,£504.00,,8,ODPE002,,91.08%,,,,,
Château Les Ormes de Pez      Half Bottles (12 x 37.5cl),Ormes Pez,12x37.5,2000,£10.99,£23.50,£564.00,,1,ODPE003,,113.83%,,,,,
Château Les Ormes de Pez ,Ormes Pez,12x75,1996,£21.98,£35.00,£420.00,,19,ODPE001,,59.24%,,,,,
Château Palmer,Palmer,12x75,2006,£102.50,£170.00,"£2,040.00",0,7,PALM003,,65.85%,,,,,
Château Palmer,Palmer,12x75,2001,£99.00,£170.00,"£2,040.00",0,1,PALM002,,71.72%,,,,,
Château Palmer,Palmer,12x75,2000,£150.00,£300.00,"£3,600.00",0,7,PALM001,,100.00%,,,,,
Château Pape Clément,Pape Clement,12x75,2005,£92.50,£280.00,"£3,360.00",0,4,PAPE001,,202.70%,,,,,
Rioja Valdejimena Crianza,"Pastor Diaz, Rioja Valdejimena Crianza",12x75,2010,£5.15,£8.75,£105.00,25,,PAST007,New Vintage,69.90%,,,,,
Rioja Valdejimena Gran Reserva,"Pastor Diaz, Rioja Valdejimena Gran Reserva",12x75,2001,£10.42,£16.75,£201.00,6,,PAST001,,60.75%,,,,,
Rioja Valdejimena Gran Reserva,"Pastor Diaz, Rioja Valdejimena Gran Reserva",12x75,2003,£9.00,£16.75,£201.00,5,,PAST005,New Vintage,86.11%,,,,,
Rioja Valdejimena Reserva,"Pastor Diaz, Rioja Valdejimena Reserva",12x75,2009,£6.40,£11.75,£141.00,25,,PAST006,New Vintage,83.59%,,,,,
Rioja Valdejimena Tempranillo,"Pastor Diaz, Rioja Valdejimena Tempranillo",12x75,2012,£5.04,£7.50,£90.00,34,,PAST004,,48.81%,,,,,
PAUL DANGIN – CELLES SUR OURCES Carte d'Or - Brut Half Bottles (12 x 35.5cl) ,"Paul Dangin, Carte Or",12x37,NV,£7.21,£10.00,£120.00,0,,PAUL001,Dropping this product,38.70%,,,,,
Château Pavie,Pavie,12x75,2006,£126.25,£240.00,"£2,880.00",0,15,PAVI002,,90.10%,,,,,
Château Pavie,Pavie,12x75,2005,£202.50,£300.00,"£3,600.00",0,8,PAVI001,,48.15%,,,,,
Château Petit Village,Petit Village,12x75,2000,£32.25,£50.00,£600.00,0,20,PETI003,,,,,,,
Château Petit Village,Petit Village,12x75,1998,£37.92,£50.00,£600.00,0,42,PETI002,Price Incresed £5.00,,,,,,
Château Petit Village,Petit Village,12x75,1996,£23.75,£42.00,£504.00,0,18,PETI001,,,,,,,
Château Baron de Pichon-Longueville,Pichon Baron,12x75,2011,£44.79,£80.00,£960.00,1,,BARO008,,78.61%,,,,,
Château Baron de Pichon-Longueville (6 x 75cl),Pichon Baron,6x75,2010,£84.04,£185.00,"£2,220.00",1,,BARO007,,120.13%,,,,,
Château Baron de Pichon-Longueville,Pichon Baron,12x75,2009,£76.67,£145.00,"£1,740.00",2,,BARO006,,89.12%,,,,,
Château Baron de Pichon-Longueville,Pichon Baron,12x75,2006,£50.46,£100.00,"£1,200.00",7,,BARO005,,98.18%,,,,,
Château Baron de Pichon-Longueville ,Pichon Baron,12x75,2000,£110.52,£210.00,"£2,520.00",0,12,BARO004,,90.01%,,,,,
   Château Baron de Pichon-Longueville   Half Bottles (12 x 37.5cl),Pichon Baron,12x37.5,1998,£31.54,£50.00,"£1,200.00",0,10,BARO003,,58.53%,,,,,
Château Baron de Pichon-Longueville,Pichon Baron,12x75,1995,£69.30,£120.00,"£1,440.00",0,48,BARO002,,73.16%,,,,,
Château Pichon Lalande  (6 x 75cl),Pichon Lalande,6x75,2009,£142.83,£180.00,"£1,080.00",1,,PICH008,Price incresed £8,26.02%,,,,,
Château Pichon Lalande,Pichon Lalande,12x75,2005,£55.42,£100.00,"£1,200.00",3,,PICH007,,80.44%,,,,,
Château Pichon Lalande,Pichon Lalande,12x75,2000,£121.50,£320.00,"£3,840.00",0,16,PICH006,,163.37%,,,,,
Château Pichon Lalande,Pichon Lalande,12x75,1998,£27.50,£90.00,"£1,080.00",0,35,PICH005,,227.27%,,,,,
Château Pichon Lalande,Pichon Lalande,12x75,1997,£64.80,£95.00,"£1,140.00",0,15,PICH004,Price incresed £13,46.60%,,,,,
Château Pichon Lalande,Pichon Lalande,12x75,1989,£127.50,£200.00,"£2,400.00",,15,PICH003,,56.86%,,,,,
Château Pichon Lalande,Pichon Lalande,12x75,1988,£27.50,£110.00,"£1,320.00",0,3,PICH002,,300.00%,,,,,
Château Pichon Lalande,Pichon Lalande,12x75,1986,£133.20,£250.00,"£3,000.00",0,11,PICH001,,87.69%,,,,,
Montepulciano d’Abruzzo Monte Tessa DOC,"Pignataro, Montelpuciano d'Abruzzo Monte Tessa",12x75,2012,£4.83,£6.25,£75.00,20,,PIGN001,,29.40%,,,,,
Trebbiano d’Abruzzo ITG  (6 x 75cl),"Pignataro, Trebbiano d'Abruzzo",6x75,2011,£3.72,£6.25,£37.50,40,,PIGN002,,68.01%,,,,,
Brunello di Montalcino Poggio Salvi DOCG,"Poggio Salvi, Brunello Di Montalcino",12x75,2009,£17.21,£28.00,£336.00,7,,POGG004,,62.70%,,,,,
"Campo del Bosco IGT, Super Tuscan (6 x 75cl)","Poggio Salvi, Campo Del Bosco",6x75,2006,£11.95,£18.00,£108.00,5,,POGG005,,50.63%,,,,,
"Chianti Colli Senesi DOCG ,","Poggio Salvi, Chianti Colli Senesi",12x75,2012,,£9.75,£117.00,34,,POGG002,,,,,,,
"  Chianti Colli Senesi DOCG ,    Half Bottles (12 x 37.5cl)","Poggio Salvi, Chianti Colli Senesi",12x37.5,2009,£3.37,£6.50,£156.00,18,,POGG003,,92.88%,,,,,
"Morellino di Scansano DOC, ","Poggio Salvi, Morellino di Scansano",12x75,2012,£7.54,£10.00,£120.00,34,,POGG001,,32.63%,,,,,
Vino Nobile DOCG,"Poggio Salvi, Vino Nobile",12x75,2011,£10.16,£15.25,£183.00,7,,POGG006,,50.10%,,,,,
Château La Pointe,Pointe,12x75,2000,£23.75,£30.00,£360.00,0,8,POIN002,,,,,,,
 Château La Pointe     Half Bottles (12 x 37.5cl),Pointe,12x37.5,2000,£12.00,£17.50,£420.00,0,3,POIN001,,,,,,,
Château Pontet-Canet,Pontet Canet,12x75,2008,£41.25,£75.00,"£1,440.00",4,8,PONT003,,81.82%,,,,,
Château Pontet-Canet,Pontet Canet,12x75,2006,£46.42,£85.00,"£1,440.00",0,8,PONT002,,83.11%,,,,,
Château Pontet-Canet,Pontet Canet,12x75,2000,£62.71,£120.00,"£1,440.00",0,18,PONT001,,91.36%,,,,,
  Château Potensac    Half Bottles (12 x 37.5cl),Potensac,12x37.5,2009,£6.46,£14.50,£348.00,10,,POTE004,,124.46%,,,,,
Château Potensac,Potensac,12x75,2008,£12.21,£25.00,£300.00,4,,POTE003,,104.75%,,,,,
Château Potensac,Potensac,12x75,2005,£16.67,£30.00,£360.00,0,7,POTE001,,79.96%,,,,,
   Château Potensac   Half Bottles (12 x 37.5cl),Potensac,12x37.5,2000,£17.50,£24.00,£288.00,,4,POTE002,,37.14%,,,,,
Château Pouget,Pouget,12x75,2000,£19.50,£42.00,£504.00,0,4,POUG001,,115.38%,,,,,
Château Poujeaux,Poujeaux,12x75,2005,£20.00,£35.00,£420.00,0,7,POUJ001,,75.00%,,,,,
LES QUATRE TOURS Côte du Provence Rosé,"Quatre Tours, Provence Rose",12x75,2013,£4.40,£7.50,£90.00,150,,QUAT001,new cost price,70.45%,,,,,
LES QUATRE TOURS Côte du Provence Rosé Magnums  (6 x 150cl) ,"Quatre Tours, Provence Rose",6x150,2013,£8.80,£18.00,£108.00,8,,QUAT002,new cost price,104.55%,,,,,
"RANSOM WINES, MATAKANA Dark Summit","Ransom, Dark Summit ",12x75,2005,£12.49,£24.00,£288.00,0,,RANS002,,92.15%,,,,,
"RANSOM WINES, MATAKANA K. Syrah","Ransom, K Syrah",12x75,2007,£12.70,£24.00,£288.00,0,,RANS001,,88.98%,,,,,
Château Raymond Lafon,Raymond Lafon,12x75,2009,£17.95,£25.50,£300.00,,48,RAYM001,,42.06%,,,,,
DOMAINE RICHARD Condrieu ‘L’Amaraze’ ,"Richard, Condrieu Amaraze",12x75,2010,£15.18,£22.50,£270.00,10,,RICH001,Auriane to find better,48.22%,,,,,
 Château Rieussec     Half Bottles (12 x 37.5cl),Rieussec,12x37.5,2005,£13.00,£37.50,£450.00,0,6,RIEU005,,188.46%,,,,,
Château Rieussec ,Rieussec,12x75,2002,£19.50,£45.00,£540.00,0,5,RIEU004,,130.77%,,,,,
Château Rieussec ,Rieussec,12x75,1999,£20.21,£42.00,£504.00,0,3,RIEU003,,107.82%,,,,,
Château Rieussec,Rieussec,12x75,1996,£23.75,£38.00,£456.00,0,21,RIEU002,,60.00%,,,,,
Château Rieussec,Rieussec,12x75,1995,£20.21,£38.00,£456.00,0,30,RIEU001,,88.03%,,,,,
DOMAINE ROBERT MICHEL Cornas 'La Geynale',"Robert Michel, Cornas Geynale",12x75,2001,£14.93,£30.00,£360.00,0,,ROBE001,Auriane to find better - Producer no longer exist,100.94%,,,,,
CHÂTEAU ST GEORGES – ST GEORGES ST EMILION,Saint Georges,12x75,2011,£12.93,£19.00,£228.00,49,,GEOR002,,46.95%,,,,,
  CHÂTEAU ST GEORGES – ST GEORGES ST EMILION    Half Bottles (24 x 37.5cl),Saint Georges,24x37.5,2011,£6.97,£12.25,£294.00,15,,GEOR003,,75.75%,,,,,
  CHÂTEAU ST GEORGES – ST GEORGES ST EMILION    Magnums (6 x 150cl),Saint Georges,6x150,2011,£25.30,£30.00,£180.00,,34,GEOR004,price change,18.58%,,,,,
CHÂTEAU ST GEORGES – ST GEORGES ST EMILION,Saint Georges,12x75,2010,£13.84,£19.00,£228.00,10,,GEOR001,,37.28%,,,,,
DOMAINE SAINT PEYRE Picpoul de Pinet  (6 x 75cl),"Saint Peyre, Picpoul de Pinet",6x75,2014,£4.40,£6.75,£40.50,100,,PICP001,New cost price,53.41%,,,,,
Barbaresco DOCG,"Serio and Borgogno, Barbaresco",12x75,2008,£11.68,£17.25,£207.00,5,,SERI005,S,47.69%,,,,,
Barbera d’Alba DOC ‘Superiore’,"Serio and Borgogno, Barbera D'Alba Superiore",12x75,2009,£7.25,£10.25,£123.00,10,,SERI001,I,41.38%,,,,,
Barolo DOCG,"Serio and Borgogno, Barolo",12x75,2007,£14.56,£18.50,£222.00,17,,SERI007,S,27.06%,,,,,
Barolo DOCG Riserva ‘Cannubi’,"Serio and Borgogno, Barolo Cannubi",12x75,2005,£12.54,£23.75,£285.00,5,,SERI004,U,89.39%,,,,,
     Barolo DOCG Riserva ‘Cannubi’  Magnum (6 x 150 cl),"Serio and Borgogno, Barolo Cannubi",6x150,2007,£25.00,£52.50,£315.00,0,,SERI003,E,110.00%,,,,,
Gavi DOCG,"Serio and Borgogno, Gavi",12x75,2013,£7.69,£10.25,£123.00,0,,SERI006,Urgent !!!,33.29%,,,,,
Château Smith Haut-Lafitte ,Smith Haut Lafitte,12x75,2008,£34.17,£65.00,£780.00,5,,SMIT002,,90.23%,,,,,
Château Smith Haut-Lafitte,Smith Haut Lafitte,12x75,2001,£43.20,£100.00,"£1,200.00",0,10,SMIT001,,131.48%,,,,,
Château Sociando-Mallet,Sociando Mallet,12x75,2009,£18.23,£38.00,£456.00,5,,SOCI004,,108.45%,,,,,
Château Sociando-Mallet,Sociando Mallet,12x75,2006,£18.08,£45.00,£540.00,0,4,SOCI003,,148.89%,,,,,
Château Sociando-Mallet,Sociando Mallet,12x75,2005,£25.17,£50.00,£600.00,0,13,SOCI002,,98.65%,,,,,
Château Sociando-Mallet ,Sociando Mallet,12x75,2000,£32.25,£55.00,£660.00,0,36,SOCI001,,70.54%,,,,,
CHÂTEAU DE STONY Muscat de Frontignan - 'Doux' Half Bottles  (24 x 37.5cl),"Stony, Muscat",24x37,2008,£5.54,£6.75,£162.00,0,,STON001,dropping this product - in search of another,21.84%,,,,,
Château Suduiraut,Suduiraut,12x75,1996,£21.98,£40.00,£480.00,0,15,SUDU002,,81.98%,,,,,
Château Suduiraut,Suduiraut,12x75,1995,£21.98,£37.50,£450.00,0,3,SUDU001,,70.61%,,,,,
Château Talbot,Talbot,12x75,2010,£30.63,£60.00,£720.00,3,,TALB006,,95.89%,,,,,
  Château Talbot    Half Bottles (12 x 37.5cl),Talbot,12x37.5,2009,£14.60,£30.00,£720.00,2,,TALB005,,105.48%,,,,,
Château Talbot,Talbot,12x75,2006,£27.79,£55.00,£660.00,5,7,TALB004,,97.91%,,,,,
Château Talbot,Talbot,12x75,2005,£34.38,£65.00,£780.00,0,49,TALB003,,89.06%,,,,,
  Château Talbot    Half Bottles (12 x 37.5cl),Talbot,12x37.5,2005,£17.19,£35.00,£840.00,0,3,TALB002,,103.61%,,,,,
Château Talbot,Talbot,12x75,2003,£35.08,£55.00,£660.00,0,50,TALB001,,56.78%,,,,,
"TE MANIA Pinot Noir, Nelson","Te Mania, Pinot Noir",12x75,2012,£9.53,£13.50,£168.00,0,180,TEMA001,,41.66%,,,,,
Pinot Grigio DOC Venezia,"Tonon, Pinot Grigio Venezia",12x75,2012,£5.23,£8.25,£99.00,84,,TONO002,,57.74%,,,,,
"Villa Teresa, Pinot Grigio IGT","Tonon, Pinot Grigio Villa Teresa",12x75,2013,£4.91,£7.00,£84.00,55,,TONO001,,42.57%,,,,,
Frizzante Prosecco DOC Corda,"Tonon, Prosecco Frizzante Corda",12x75,NV,£10.74,£7.25,£87.00,50,,TONO003,To check the new cost price,-32.50%,,,,,
Villa Teresa Spumante Prosecco,"Tonon, Prosecco Spumante Villa Teresa",12x75,NV,£5.73,£8.25,£99.00,30,,TONO004,,43.98%,,,,,
Château La Tour du Pin Figeac,Tour Du Pin Figeac,12x75,2005,£12.92,£25.00,£300.00,7,24,TPFI001,,93.50%,,,,,
Château La Tour Figeac,Tour Figeac,12x75,2009,£21.77,£32.00,£384.00,50,80,TOUR002,,46.99%,,,,,
LES 3 CELLIERES Côtes du Rhône Red ‘Le Sentir des Terroirs‘,"Trois Celliers, Cotes du Rhone Sentier des Terroirs",12x75,2012,£5.41,£7.50,£45.00,54,,TROI001,,38.63%,,,,,
Trois Origines St Emilion,Trois Origines,12x75,2006,£14.94,£24.75,£297.00,20,31,ORIG001,,65.66%,,,,,
Château Trotte Vieille,Trottevieille,12x75,2000,£28.00,£48.00,£576.00,0,11,TROT001,,71.43%,,,,,
 VALLE ANDINO GRAN RESERVA Cabernet Sauvignon - Colchagua Valley,"Valle Andino Gran Reserva, Cabernet Sauvignon",12x75,2008,£6.69,£10.00,£120.00,8,,VALL009,,49.48%,,,,,
VALLE ANDINO GRAN RESERVA Merlot - Maule Valley,"Valle Andino Gran Reserva, Merlot",12x75,2008,£6.98,£10.00,£120.00,0,,VALL010,Out of Stock Only cellar left,43.27%,,,,,
VALLE ANDINO RESERVA ESPECIAL Chardonnay - Casablanca  Valley,"Valle Andino Reserva Especial, Chardonnay",12x75,2012,£5.75,£8.25,£99.00,35,,VALL005,,43.48%,,,,,
VALLE ANDINO RESERVA ESPECIAL Merlot - Maule Valley,"Valle Andino Reserva Especial, Merlot",12x75,2011,£5.48,£8.25,£99.00,10,,VALL011,,50.55%,,,,,
VALLE ANDINO RESERVA ESPECIAL Merlot - Maule Valley,"Valle Andino Reserva Especial, Merlot",12x75,2009,£5.70,£8.25,£99.00,5,,VALL006,,44.74%,,,,,
VALLE ANDINO RESERVA ESPECIAL Pinot Noir - Casablanca Valley,"Valle Andino Reserva Especial, Pinot Noir",12x75,2012,£6.71,£10.00,£99.00,47,,VALL008,,49.03%,,,,,
VALLE ANDINO RESERVA ESPECIAL Sauvignon Blanc - Casablanca  Valley,"Valle Andino Reserva Especial, Sauvignon Blanc",12x75,2009,£6.14,£8.25,£99.00,46,,VALL007,,34.36%,,,,,
VALLE ANDINO RESERVA Cabernet Sauvignon - Colchagua Valley,"Valle Andino Reserva, Cabernet Sauvignon",12x75,2012,£4.73,£7.00,£84.00,70,,VALL003,,47.99%,,,,,
VALLE ANDINO RESERVA Carmenere - Colchagua Valley,"Valle Andino Reserva, Carmenere",12x75,2009,£4.53,£7.00,£84.00,5,,VALL001,,54.53%,,,,,
Merlot - Maule Valley,"Valle Andino Reserva, Merlot",12x75,2009,£6.19,£7.00,£84.00,0,,VALL002,Out of Stock Only cellar left,13.09%,,,,,
Sauvignon Blanc - Maule Valley,"Valle Andino Reserva, Sauvignon Blanc",12x75,2009,£6.34,£7.00,£84.00,0,,VALL007,Out of Stock Only cellar left,10.41%,,,,,
VALLE ANDINO RESERVA Syrah - Colchagua Valley,"Valle Andino Reserva, Syrah",12x75,2011,£4.67,£7.00,£84.00,25,,VALL004,,49.89%,,,,,
Unico (3 x 75cl),"Vega Sicilia, Unico",3x75,2004,£150.00,£250.00,£750.00,,3,VEGA001,Bought on LX for Bath,66.67%,,,,,
CHÂTEAU VERNE MAZIÈRE Fleurie 'La Madone',"Verne Maziere, Fleurie Madone",12x75,2013,£7.13,£10.00,£120.00,25,,VERN001,needs attention,40.25%,,,,,
    CHÂTEAU VERNE MAZIÈRE Fleurie 'La Madone'  Half Bottles (24 x 37.5cl),"Verne Maziere, Fleurie Madone",24x37.5,2010,£4.68,£6.25,£150.00,0,,VERN002,needs attention,33.55%,,,,,
LES VIGNES DE TRACEY Pouilly Fumé ,"Vignes Tracey, Pouilly Fume",12x75,2014,£6.52,£11.75,£141.00,10,,TRAC001,reordered on 23/03/2020 / new cost price,80.21%,,,,,
  LES VIGNES DE TRACEY   Half Bottles (24 x 35.5cl),"Vignes Tracey, Pouilly Fume",24x37.5,2014,£3.62,£6.75,£162.00,4,,TRAC002,reordered on 23/03/2021 / new cost price,86.46%,,,,,
CHÂTEAU VIGNOL - AOC BORDEAUX ,Vignol,12x75,2009,£5.30,£7.75,£93.00,43,,VIGN001,,46.23%,,,,,
DOMAINE DE LA VILLAUDIERE Sancerre Blanc ,"Villaudiere, Sancerre",12x75,2012,£8.06,£11.75,£141.00,18,,VILL001,dropping this line - Bin-End,45.78%,,,,,
DOMAINE VINCENT BOUZEREAU Meursault,"Vincent Bouzereau, Meursault",12x75,2012,£14.89,£27.50,£330.00,16,,BOUZ001,reordered on 23/03/2015 / new cost price,84.69%,,,,,
 VINCENT PRUNIER Puligny Montrachet 1er Cru 'Garennes',"Vincent Prunier, Puligny Montrachet Garennes",12x75,2009,£18.71,£27.00,£249.00,19,,PRUN002,needs to be reordered,44.31%,,,,,
VINCENT PRUNIER St Aubin 1er Cru 'Frionnes',"Vincent Prunier, Saint Aubin Frionnes",12x75,2010,£12.73,£18.25,£219.00,0,,PRUN001,needs to be reordered,43.36%,,,,,
Terra di Confine,"Vitalonga, Terra Di Confine",12x75,2004,£7.46,£12.25,£147.00,7,,VITA001,,64.21%,,,,,
Château D’Yquem,Yquem,12x75,1995,£105.21,£260.00,"£3,120.00",0,5,QUEM001,,147.12%,,,,,
 Château D’Yquem     Half Bottles (12 x 37.5cl),Yquem,12x37.5,1995,£65.00,£145.00,"£1,740.00",0,5,QUEM002,,123.08%,,,,,